{"cameraMode":{"drawMode":0,"name":"Shaded","section":"Shading Mode"},"sceneLighting":true,"audioPlay":false,"sceneViewState":{"showFog":true,"showMaterialUpdate":false,"showSkybox":true,"showFlares":true,"showImageEffects":true,"showParticleSystems":true},"in2DMode":false,"pivot":{"x":23.742887496948243,"y":10.525900840759278,"z":20.471132278442384},"rotation":{"x":0.07267710566520691,"y":-0.8045758008956909,"z":0.1006898432970047,"w":0.5807266235351563},"size":11.018623352050782,"orthographic":false}